,ra,dec,clon,clat,sigra,sigdec,sigradec,w1mpro,w1sigmpro,w1snr,w1rchi2,w2mpro,w2sigmpro,w2snr,w2rchi2,nb,na,cc_flags,ph_qual,qual_frame,mjd,allwise_cntr,w1mpro_allwise,w1sigmpro_allwise,w2mpro_allwise,w2sigmpro_allwise,w3mpro_allwise,w3sigmpro_allwise,w4mpro_allwise,w4sigmpro_allwise,tmass_key,j_m_2mass,j_msig_2mass,h_m_2mass,h_msig_2mass,k_m_2mass,k_msig_2mass,dist,angle
0,269.3874294,-30.7193949,17h57m32.98s,-30d43m09.82s,0.0521,0.0444,-0.0163,10.715,0.039,28.1,18.67,8.838,0.016,67.3,4.075,1,0,,,5,56737.08852314,2695030301351017880,8.801,0.024,6.037,0.041,2.73,0.011,1.146,0.013,1300956511,13.282,0.0497,12.373,0.0591,12.099,0.0497,0.557871,84.408155
1,269.3873875,-30.7194344,17h57m32.97s,-30d43m09.96s,0.0451,0.0451,-0.0123,10.848,0.038,28.7,32.87,8.831,0.015,70.7,4.448,1,0,,,5,56737.22019039,2695030301351017880,8.801,0.024,6.037,0.041,2.73,0.011,1.146,0.013,1300956511,13.282,0.0497,12.373,0.0591,12.099,0.0497,0.434508,101.663191
2,269.3874102,-30.7194145,17h57m32.98s,-30d43m09.89s,0.0491,0.0488,-0.0167,10.764,0.039,27.6,28.28,8.846,0.018,59.6,5.023,1,0,,,5,56737.35198501,2695030301351017880,8.801,0.024,6.037,0.041,2.73,0.011,1.146,0.013,1300956511,13.282,0.0497,12.373,0.0591,12.099,0.0497,0.496058,91.871506
3,269.3874144,-30.7194252,17h57m32.98s,-30d43m09.93s,0.0375,0.0368,-0.0057,10.693,0.04,27.0,26.79,8.823,0.014,79.9,5.61,1,0,,,5,56737.48365231,2695030301351017880,8.801,0.024,6.037,0.041,2.73,0.011,1.146,0.013,1300956511,13.282,0.0497,12.373,0.0591,12.099,0.0497,0.511731,96.138536
4,269.3875829,-30.7193785,17h57m33.02s,-30d43m09.76s,0.0546,0.0513,-0.0226,10.547,0.027,39.6,23.09,8.831,0.02,54.1,5.15,1,0,,,5,56737.54948593,2695030301351017880,8.801,0.024,6.037,0.041,2.73,0.011,1.146,0.013,1300956511,13.282,0.0497,12.373,0.0591,12.099,0.0497,1.036496,83.718949
5,269.3873664,-30.7194847,17h57m32.97s,-30d43m10.14s,0.0417,0.0485,-0.0185,10.778,0.04,27.2,29.64,8.851,0.018,62.0,8.108,1,0,,,5,56737.61531957,2695030301351017880,8.801,0.024,6.037,0.041,2.73,0.011,1.146,0.013,1300956511,13.282,0.0497,12.373,0.0591,12.099,0.0497,0.449543,126.741466
6,269.3874178,-30.7194196,17h57m32.98s,-30d43m09.91s,0.0483,0.0542,-0.0293,10.793,0.039,28.1,21.83,8.839,0.016,67.9,4.051,1,0,,,5,56737.68115323,2695030301351017880,8.801,0.024,6.037,0.041,2.73,0.011,1.146,0.013,1300956511,13.282,0.0497,12.373,0.0591,12.099,0.0497,0.520462,93.807417
7,269.3875463,-30.7194154,17h57m33.01s,-30d43m09.90s,0.047,0.0432,-0.0169,10.704,0.032,34.1,31.23,8.844,0.017,63.8,7.082,1,0,,,5,56737.81282053,2695030301351017880,8.801,0.024,6.037,0.041,2.73,0.011,1.146,0.013,1300956511,13.282,0.0497,12.373,0.0591,12.099,0.0497,0.917206,91.214536
8,269.3874308,-30.719445,17h57m32.98s,-30d43m10.00s,0.0458,0.0486,-0.017,10.691,0.038,28.6,21.92,8.813,0.017,63.0,3.549,1,0,,,5,56737.94448778,2695030301351017880,8.801,0.024,6.037,0.041,2.73,0.011,1.146,0.013,1300956511,13.282,0.0497,12.373,0.0591,12.099,0.0497,0.573559,102.690343
9,269.3874826,-30.7194675,17h57m33.00s,-30d43m10.08s,0.0497,0.054,-0.0187,10.624,0.034,32.0,37.28,8.798,0.018,58.9,4.067,1,0,,,5,56738.07615514,2695030301351017880,8.801,0.024,6.037,0.041,2.73,0.011,1.146,0.013,1300956511,13.282,0.0497,12.373,0.0591,12.099,0.0497,0.749035,106.042944
10,269.3875355,-30.7194101,17h57m33.01s,-30d43m09.88s,0.0366,0.0361,-0.0115,10.576,0.029,37.9,38.38,8.816,0.015,73.3,11.07,1,0,,,5,56740.24904806,2695030301351017880,8.801,0.024,6.037,0.041,2.73,0.011,1.146,0.013,1300956511,13.282,0.0497,12.373,0.0591,12.099,0.0497,0.88358,90.023417
11,269.3875728,-30.7193996,17h57m33.02s,-30d43m09.84s,0.0443,0.0423,-0.017,10.599,0.026,41.5,28.74,8.845,0.016,66.5,10.93,1,0,,,5,56740.31488171,2695030301351017880,8.801,0.024,6.037,0.041,2.73,0.011,1.146,0.013,1300956511,13.282,0.0497,12.373,0.0591,12.099,0.0497,0.999719,87.85382
12,269.3874963,-30.7193815,17h57m33.00s,-30d43m09.77s,0.0501,0.0479,0.0044,10.674,0.032,34.0,30.6,8.874,0.024,46.0,4.321,1,0,,,5,56740.38071541,2695030301351017880,8.801,0.024,6.037,0.041,2.73,0.011,1.146,0.013,1300956511,13.282,0.0497,12.373,0.0591,12.099,0.0497,0.769134,82.334144
13,269.3875065,-30.7193838,17h57m33.00s,-30d43m09.78s,0.0524,0.0526,-0.016,10.699,0.036,30.4,18.31,8.82,0.019,58.6,4.454,1,0,,,5,56740.44654906,2695030301351017880,8.801,0.024,6.037,0.041,2.73,0.011,1.146,0.013,1300956511,13.282,0.0497,12.373,0.0591,12.099,0.0497,0.79941,83.224138
14,269.3873717,-30.7194434,17h57m32.97s,-30d43m10.00s,0.0491,0.0527,-0.0259,10.699,0.036,30.2,39.91,8.837,0.02,55.3,4.869,1,0,,,5,56740.5123827,2695030301351017880,8.801,0.024,6.037,0.041,2.73,0.011,1.146,0.013,1300956511,13.282,0.0497,12.373,0.0591,12.099,0.0497,0.395371,107.705278
15,269.3874027,-30.7194314,17h57m32.98s,-30d43m09.95s,0.0458,0.0438,-0.018,10.818,0.038,28.3,21.34,8.851,0.015,72.3,3.539,1,0,,,5,56740.5782163,2695030301351017880,8.801,0.024,6.037,0.041,2.73,0.011,1.146,0.013,1300956511,13.282,0.0497,12.373,0.0591,12.099,0.0497,0.478819,99.258897
16,269.3874599,-30.7194022,17h57m32.99s,-30d43m09.85s,0.0402,0.0381,-0.0144,10.593,0.037,29.6,20.94,8.828,0.015,74.5,6.776,1,0,,,5,56740.70988351,2695030301351017880,8.801,0.024,6.037,0.041,2.73,0.011,1.146,0.013,1300956511,13.282,0.0497,12.373,0.0591,12.099,0.0497,0.650214,87.524923
17,269.3874332,-30.719421,17h57m32.98s,-30d43m09.92s,0.0424,0.0432,-0.0118,10.726,0.038,28.2,21.31,8.863,0.015,70.8,6.021,1,0,,,5,56740.84155081,2695030301351017880,8.801,0.024,6.037,0.041,2.73,0.011,1.146,0.013,1300956511,13.282,0.0497,12.373,0.0591,12.099,0.0497,0.568356,93.995341
18,269.3874936,-30.7194087,17h57m33.00s,-30d43m09.87s,0.0455,0.0442,-0.0136,10.999,0.041,26.6,25.77,8.847,0.017,65.8,9.515,1,0,,,5,56740.97321816,2695030301351017880,8.801,0.024,6.037,0.041,2.73,0.011,1.146,0.013,1300956511,13.282,0.0497,12.373,0.0591,12.099,0.0497,0.753919,89.644393
19,269.3874781,-30.7194894,17h57m32.99s,-30d43m10.16s,0.0484,0.0502,-0.0158,10.608,0.039,28.0,29.17,8.824,0.019,57.0,4.99,1,0,,,5,56919.37940571,2695030301351017880,8.801,0.024,6.037,0.041,2.73,0.011,1.146,0.013,1300956511,13.282,0.0497,12.373,0.0591,12.099,0.0497,0.761611,112.043596
20,269.3873771,-30.7194558,17h57m32.97s,-30d43m10.04s,0.0402,0.0463,-0.0131,10.812,0.043,25.1,26.02,8.822,0.017,65.4,9.831,1,0,,,5,56919.37953302,2695030301351017880,8.801,0.024,6.037,0.041,2.73,0.011,1.146,0.013,1300956511,13.282,0.0497,12.373,0.0591,12.099,0.0497,0.426509,112.74169
21,269.387441,-30.7194501,17h57m32.99s,-30d43m10.02s,0.04,0.0386,0.011,10.687,0.033,32.9,31.24,8.841,0.015,74.4,9.605,1,0,,,5,56919.51094583,2695030301351017880,8.801,0.024,6.037,0.041,2.73,0.011,1.146,0.013,1300956511,13.282,0.0497,12.373,0.0591,12.099,0.0497,0.608484,103.723982
22,269.3873643,-30.7194582,17h57m32.97s,-30d43m10.05s,0.0368,0.0389,-0.011,10.672,0.029,37.8,71.2,8.843,0.017,65.8,14.47,1,0,,,5,56919.51107315,2695030301351017880,8.801,0.024,6.037,0.041,2.73,0.011,1.146,0.013,1300956511,13.282,0.0497,12.373,0.0591,12.099,0.0497,0.394007,116.129308
23,269.3873611,-30.7194782,17h57m32.97s,-30d43m10.12s,0.0401,0.0357,-0.0038,10.824,0.032,34.3,59.13,8.849,0.015,73.5,8.601,1,0,,,5,56919.6424859,2695030301351017880,8.801,0.024,6.037,0.041,2.73,0.011,1.146,0.013,1300956511,13.282,0.0497,12.373,0.0591,12.099,0.0497,0.422492,125.529099
24,269.3873546,-30.719446,17h57m32.97s,-30d43m10.01s,0.0397,0.0483,-0.0095,10.868,0.053,20.4,19.82,8.823,0.017,62.4,4.364,1,0,,,5,56919.64261326,2695030301351017880,8.801,0.024,6.037,0.041,2.73,0.011,1.146,0.013,1300956511,13.282,0.0497,12.373,0.0591,12.099,0.0497,0.3487,111.818476
25,269.3873608,-30.7194238,17h57m32.97s,-30d43m09.93s,0.0423,0.0411,-0.0196,10.894,0.04,27.3,37.41,8.82,0.016,69.0,8.645,1,0,,,5,56919.70831964,2695030301351017880,8.801,0.024,6.037,0.041,2.73,0.011,1.146,0.013,1300956511,13.282,0.0497,12.373,0.0591,12.099,0.0497,0.346485,98.243578
26,269.3872737,-30.7194482,17h57m32.95s,-30d43m10.01s,0.046,0.0449,0.0111,10.878,0.051,21.3,20.58,8.847,0.017,65.4,7.118,1,0,,,5,56919.77415344,2695030301351017880,8.801,0.024,6.037,0.041,2.73,0.011,1.146,0.013,1300956511,13.282,0.0497,12.373,0.0591,12.099,0.0497,0.155846,151.92628
27,269.3873943,-30.7194363,17h57m32.97s,-30d43m09.97s,0.0546,0.0537,-0.0285,10.779,0.04,26.9,20.45,8.893,0.021,50.8,5.075,1,0,,,5,56919.83985981,2695030301351017880,8.801,0.024,6.037,0.041,2.73,0.011,1.146,0.013,1300956511,13.282,0.0497,12.373,0.0591,12.099,0.0497,0.456508,101.969983
28,269.3874211,-30.7194676,17h57m32.98s,-30d43m10.08s,0.0396,0.0431,-0.015,10.659,0.024,45.4,88.8,8.843,0.017,64.6,3.392,2,0,,,5,56919.90569355,2695030301351017880,8.801,0.024,6.037,0.041,2.73,0.011,1.146,0.013,1300956511,13.282,0.0497,12.373,0.0591,12.099,0.0497,0.56868,111.385062
29,269.3873136,-30.7194299,17h57m32.96s,-30d43m09.95s,0.0508,0.0428,-0.0125,10.73,0.05,21.5,16.0,8.863,0.017,65.5,6.019,1,0,,,5,56919.97139998,2695030301351017880,8.801,0.024,6.037,0.041,2.73,0.011,1.146,0.013,1300956511,13.282,0.0497,12.373,0.0591,12.099,0.0497,0.209455,109.999748
30,269.3873814,-30.7194566,17h57m32.97s,-30d43m10.04s,0.0521,0.0634,-0.0274,10.748,0.037,29.1,27.17,8.864,0.02,55.5,5.921,1,0,,,5,56920.10294009,2695030301351017880,8.801,0.024,6.037,0.041,2.73,0.011,1.146,0.013,1300956511,13.282,0.0497,12.373,0.0591,12.099,0.0497,0.439909,112.417588
31,269.3874266,-30.7194246,17h57m32.98s,-30d43m09.93s,0.0433,0.039,-0.0103,10.788,0.038,28.5,19.89,8.891,0.014,78.0,4.702,1,0,,,5,56920.23448013,2695030301351017880,8.801,0.024,6.037,0.041,2.73,0.011,1.146,0.013,1300956511,13.282,0.0497,12.373,0.0591,12.099,0.0497,0.549072,95.493112
32,269.3873561,-30.7194313,17h57m32.97s,-30d43m09.95s,0.0477,0.0445,-0.0147,10.649,0.04,27.2,18.29,8.839,0.016,69.4,6.99,1,0,,,5,56920.36602024,2695030301351017880,8.801,0.024,6.037,0.041,2.73,0.011,1.146,0.013,1300956511,13.282,0.0497,12.373,0.0591,12.099,0.0497,0.337199,103.144301
33,269.3874461,-30.7193691,17h57m32.99s,-30d43m09.73s,0.0488,0.0514,-0.022,10.678,0.036,30.0,37.7,8.883,0.017,62.4,4.628,1,0,,,5,57101.78489112,2695030301351017880,8.801,0.024,6.037,0.041,2.73,0.011,1.146,0.013,1300956511,13.282,0.0497,12.373,0.0591,12.099,0.0497,0.624505,76.362989
34,269.3875795,-30.7194043,17h57m33.02s,-30d43m09.86s,0.0481,0.0454,-0.0022,10.449,0.029,37.0,39.64,8.938,0.018,59.2,8.68,1,0,,,5,57101.78501844,2695030301351017880,8.801,0.024,6.037,0.041,2.73,0.011,1.146,0.013,1300956511,13.282,0.0497,12.373,0.0591,12.099,0.0497,1.019958,88.847303
35,269.3874877,-30.7194172,17h57m33.00s,-30d43m09.90s,0.0554,0.0599,-0.0298,10.729,0.037,29.5,26.69,8.907,0.02,54.9,3.516,1,0,,,5,57101.91630396,2695030301351017880,8.801,0.024,6.037,0.041,2.73,0.011,1.146,0.013,1300956511,13.282,0.0497,12.373,0.0591,12.099,0.0497,0.736103,92.018008
36,269.3873286,-30.7194399,17h57m32.96s,-30d43m09.98s,0.0591,0.0544,-0.0295,10.722,0.038,28.7,31.08,8.87,0.019,57.6,8.072,1,0,,,5,57102.04758943,2695030301351017880,8.801,0.024,6.037,0.041,2.73,0.011,1.146,0.013,1300956511,13.282,0.0497,12.373,0.0591,12.099,0.0497,0.266003,113.86936
37,269.3874055,-30.7194339,17h57m32.98s,-30d43m09.96s,0.0452,0.0484,-0.0063,10.696,0.031,35.0,43.89,8.886,0.017,62.6,3.526,1,0,,,5,57102.17887491,2695030301351017880,8.801,0.024,6.037,0.041,2.73,0.011,1.146,0.013,1300956511,13.282,0.0497,12.373,0.0591,12.099,0.0497,0.488884,100.13657
38,269.3874055,-30.719442,17h57m32.98s,-30d43m09.99s,0.0479,0.0519,-0.0238,10.739,0.039,27.8,39.43,8.914,0.02,55.0,10.31,1,0,,,5,57102.17900227,2695030301351017880,8.801,0.024,6.037,0.041,2.73,0.011,1.146,0.013,1300956511,13.282,0.0497,12.373,0.0591,12.099,0.0497,0.494847,103.46204
39,269.3874648,-30.7193988,17h57m32.99s,-30d43m09.84s,0.0546,0.0519,-0.0192,10.743,0.036,29.9,23.95,8.907,0.017,62.5,3.636,1,0,,,5,57102.24458132,2695030301351017880,8.801,0.024,6.037,0.041,2.73,0.011,1.146,0.013,1300956511,13.282,0.0497,12.373,0.0591,12.099,0.0497,0.665997,86.529186
40,269.3873858,-30.7194371,17h57m32.97s,-30d43m09.97s,0.0366,0.0374,-0.0112,10.816,0.035,30.7,42.66,8.863,0.015,71.1,12.07,1,0,,,5,57102.31028769,2695030301351017880,8.801,0.024,6.037,0.041,2.73,0.011,1.146,0.013,1300956511,13.282,0.0497,12.373,0.0591,12.099,0.0497,0.431453,103.068708
41,269.3874575,-30.7194136,17h57m32.99s,-30d43m09.89s,0.0482,0.0494,-0.0106,10.729,0.032,33.8,37.02,8.871,0.018,61.5,6.44,1,0,,,10,57102.37586675,2695030301351017880,8.801,0.024,6.037,0.041,2.73,0.011,1.146,0.013,1300956511,13.282,0.0497,12.373,0.0591,12.099,0.0497,0.642313,91.156196
42,269.3874003,-30.7194737,17h57m32.98s,-30d43m10.11s,0.0539,0.0593,-0.0177,10.895,0.046,23.6,24.29,8.885,0.021,51.7,4.375,1,0,,,5,57102.37599411,2695030301351017880,8.801,0.024,6.037,0.041,2.73,0.011,1.146,0.013,1300956511,13.282,0.0497,12.373,0.0591,12.099,0.0497,0.518608,116.24319
43,269.3874876,-30.7194483,17h57m33.00s,-30d43m10.01s,0.0418,0.0467,-0.0155,10.838,0.033,33.4,40.65,8.93,0.016,67.7,4.362,1,0,,,5,57102.44157316,2695030301351017880,8.801,0.024,6.037,0.041,2.73,0.011,1.146,0.013,1300956511,13.282,0.0497,12.373,0.0591,12.099,0.0497,0.748151,100.620067
44,269.3873386,-30.7194369,17h57m32.96s,-30d43m09.97s,0.053,0.0717,-0.02,10.77,0.037,29.5,39.58,8.892,0.021,51.9,5.297,1,0,,,5,57102.50727958,2695030301351017880,8.801,0.024,6.037,0.041,2.73,0.011,1.146,0.013,1300956511,13.282,0.0497,12.373,0.0591,12.099,0.0497,0.290807,109.451647
45,269.3873929,-30.7194647,17h57m32.97s,-30d43m10.07s,0.0501,0.0491,-0.0235,10.8,0.038,28.3,26.32,8.909,0.018,60.8,5.869,1,0,,,5,57102.638565,2695030301351017880,8.801,0.024,6.037,0.041,2.73,0.011,1.146,0.013,1300956511,13.282,0.0497,12.373,0.0591,12.099,0.0497,0.484116,114.001783
46,269.3874405,-30.7194776,17h57m32.99s,-30d43m10.12s,0.0446,0.0492,-0.0179,10.667,0.032,34.0,45.92,8.861,0.017,62.7,5.58,1,0,,,5,57102.76985047,2695030301351017880,8.801,0.024,6.037,0.041,2.73,0.011,1.146,0.013,1300956511,13.282,0.0497,12.373,0.0591,12.099,0.0497,0.637819,112.429754
47,269.3875294,-30.7194774,17h57m33.01s,-30d43m10.12s,0.0476,0.0488,-0.0252,10.673,0.036,30.1,26.67,8.918,0.02,55.5,8.731,1,0,,,5,57102.76997784,2695030301351017880,8.801,0.024,6.037,0.041,2.73,0.011,1.146,0.013,1300956511,13.282,0.0497,12.373,0.0591,12.099,0.0497,0.898097,105.674518
48,269.3874865,-30.719445,17h57m33.00s,-30d43m10.00s,0.0444,0.0463,-0.0218,10.691,0.033,33.2,29.84,8.874,0.017,64.6,4.212,1,0,,,5,57278.32976454,2695030301351017880,8.801,0.024,6.037,0.041,2.73,0.011,1.146,0.013,1300956511,13.282,0.0497,12.373,0.0591,12.099,0.0497,0.742695,99.767645
49,269.3874165,-30.7194547,17h57m32.98s,-30d43m10.04s,0.0435,0.0465,-0.0026,10.802,0.04,27.4,32.55,8.901,0.016,67.5,5.712,1,0,,,5,57278.46092285,2695030301351017880,8.801,0.024,6.037,0.041,2.73,0.011,1.146,0.013,1300956511,13.282,0.0497,12.373,0.0591,12.099,0.0497,0.539832,107.343062
50,269.3874394,-30.7194443,17h57m32.99s,-30d43m10.00s,0.0333,0.0334,0.0029,10.691,0.031,35.3,41.7,8.857,0.015,73.0,9.808,1,0,,,5,57278.46105016,2695030301351017880,8.801,0.024,6.037,0.041,2.73,0.011,1.146,0.013,1300956511,13.282,0.0497,12.373,0.0591,12.099,0.0497,0.599026,101.895926
51,269.3874438,-30.719449,17h57m32.99s,-30d43m10.02s,0.046,0.0488,-0.0238,10.897,0.036,29.9,32.84,8.93,0.018,60.5,5.927,1,0,,,5,57278.59220838,2695030301351017880,8.801,0.024,6.037,0.041,2.73,0.011,1.146,0.013,1300956511,13.282,0.0497,12.373,0.0591,12.099,0.0497,0.615991,103.174935
52,269.387396,-30.7194303,17h57m32.98s,-30d43m09.95s,0.0364,0.038,-0.0139,10.773,0.038,28.7,34.62,8.893,0.014,77.5,6.762,1,0,,,5,57278.65778751,2695030301351017880,8.801,0.024,6.037,0.041,2.73,0.011,1.146,0.013,1300956511,13.282,0.0497,12.373,0.0591,12.099,0.0497,0.457717,99.187272
53,269.3874836,-30.7194619,17h57m33.00s,-30d43m10.06s,0.0635,0.0692,-0.0227,10.78,0.043,25.4,15.75,8.931,0.024,45.6,2.823,1,0,,,5,57278.72336659,2695030301351017880,8.801,0.024,6.037,0.041,2.73,0.011,1.146,0.013,1300956511,13.282,0.0497,12.373,0.0591,12.099,0.0497,0.74671,104.490473
54,269.3873372,-30.7194415,17h57m32.96s,-30d43m09.99s,0.0386,0.0381,-0.007,10.83,0.043,25.3,29.23,8.89,0.014,79.7,11.61,1,0,,,5,57278.78894576,2695030301351017880,8.801,0.024,6.037,0.041,2.73,0.011,1.146,0.013,1300956511,13.282,0.0497,12.373,0.0591,12.099,0.0497,0.292734,112.792245
55,269.3878307,-30.7189665,17h57m33.08s,-30d43m08.28s,0.04,0.0381,-0.0025,7.886,0.021,51.1,20.6,9.018,0.016,69.7,174.9,1,0,,,5,57278.8545249,2695030301351017880,8.801,0.024,6.037,0.041,2.73,0.011,1.146,0.013,1300956511,13.282,0.0497,12.373,0.0591,12.099,0.0497,2.403952,48.382536
56,269.3873335,-30.7194553,17h57m32.96s,-30d43m10.04s,0.0425,0.0789,0.0093,10.746,0.052,21.1,30.66,8.888,0.025,42.7,7.905,1,0,,,5,57278.92010407,2695030301351017880,8.801,0.024,6.037,0.041,2.73,0.011,1.146,0.013,1300956511,13.282,0.0497,12.373,0.0591,12.099,0.0497,0.305571,122.254687
57,269.3874418,-30.7194372,17h57m32.99s,-30d43m09.97s,0.0499,0.0473,-0.0101,10.686,0.029,38.1,47.33,8.981,0.018,58.7,4.729,1,0,,,5,57279.05126234,2695030301351017880,8.801,0.024,6.037,0.041,2.73,0.011,1.146,0.013,1300956511,13.282,0.0497,12.373,0.0591,12.099,0.0497,0.601615,99.367314
58,269.3874348,-30.7194768,17h57m32.98s,-30d43m10.12s,0.0351,0.0321,0.0031,10.624,0.025,43.8,88.72,8.895,0.015,72.6,7.322,1,0,,,5,57279.18254796,2695030301351017880,8.801,0.024,6.037,0.041,2.73,0.011,1.146,0.013,1300956511,13.282,0.0497,12.373,0.0591,12.099,0.0497,0.62043,112.80549
59,269.3874511,-30.7194619,17h57m32.99s,-30d43m10.06s,0.0503,0.0449,-0.0147,10.682,0.033,33.3,29.63,8.923,0.017,62.5,2.741,1,0,,,5,57279.31370618,2695030301351017880,8.801,0.024,6.037,0.041,2.73,0.011,1.146,0.013,1300956511,13.282,0.0497,12.373,0.0591,12.099,0.0497,0.649814,106.710108
60,269.3874473,-30.7194601,17h57m32.99s,-30d43m10.06s,0.0448,0.0543,-0.0279,10.725,0.044,24.8,20.55,8.915,0.018,58.8,9.545,1,0,,,5,57465.95984478,2695030301351017880,8.801,0.024,6.037,0.041,2.73,0.011,1.146,0.013,1300956511,13.282,0.0497,12.373,0.0591,12.099,0.0497,0.636692,106.455894
61,269.3874937,-30.7192544,17h57m33.00s,-30d43m09.32s,0.0534,0.0553,-0.0109,10.774,0.039,28.1,21.02,9.056,0.018,59.5,10.24,1,0,,,5,57466.0908759,2695030301351017880,8.801,0.024,6.037,0.041,2.73,0.011,1.146,0.013,1300956511,13.282,0.0497,12.373,0.0591,12.099,0.0497,0.939477,53.398548
62,269.387339,-30.7194596,17h57m32.96s,-30d43m10.05s,0.0449,0.0402,-0.0176,10.557,0.038,28.3,48.52,8.88,0.015,71.2,8.699,1,0,,,5,57466.22203438,2695030301351017880,8.801,0.024,6.037,0.041,2.73,0.011,1.146,0.013,1300956511,13.282,0.0497,12.373,0.0591,12.099,0.0497,0.328255,122.954118
63,269.3874425,-30.7194735,17h57m32.99s,-30d43m10.10s,0.0555,0.0481,-0.0014,10.698,0.045,24.1,21.13,8.934,0.019,56.8,4.273,1,0,,,5,57466.3530655,2695030301351017880,8.801,0.024,6.037,0.041,2.73,0.011,1.146,0.013,1300956511,13.282,0.0497,12.373,0.0591,12.099,0.0497,0.638108,110.992514
64,269.3874423,-30.7194098,17h57m32.99s,-30d43m09.88s,0.0378,0.0311,-0.0033,10.666,0.035,31.1,28.63,8.893,0.013,86.4,9.569,1,0,,,5,57466.41864476,2695030301351017880,8.801,0.024,6.037,0.041,2.73,0.011,1.146,0.013,1300956511,13.282,0.0497,12.373,0.0591,12.099,0.0497,0.595142,89.930733
65,269.3874475,-30.7194575,17h57m32.99s,-30d43m10.05s,0.0496,0.0491,-0.0164,10.775,0.032,33.4,41.66,8.91,0.018,60.7,4.094,1,0,,,5,57466.48409671,2695030301351017880,8.801,0.024,6.037,0.041,2.73,0.011,1.146,0.013,1300956511,13.282,0.0497,12.373,0.0591,12.099,0.0497,0.634701,105.6297
66,269.3874242,-30.7194224,17h57m32.98s,-30d43m09.92s,0.045,0.039,-0.0168,10.738,0.032,34.3,32.64,8.957,0.016,67.9,5.707,1,0,,,5,57466.54967593,2695030301351017880,8.801,0.024,6.037,0.041,2.73,0.011,1.146,0.013,1300956511,13.282,0.0497,12.373,0.0591,12.099,0.0497,0.540968,94.733411
67,269.3874575,-30.7194688,17h57m32.99s,-30d43m10.09s,0.052,0.0535,-0.0057,10.828,0.038,28.4,33.98,8.969,0.018,60.2,7.26,1,0,,,10,57466.68070704,2695030301351017880,8.801,0.024,6.037,0.041,2.73,0.011,1.146,0.013,1300956511,13.282,0.0497,12.373,0.0591,12.099,0.0497,0.676168,108.243673
68,269.3874261,-30.7194677,17h57m32.98s,-30d43m10.08s,0.0456,0.0491,-0.0128,10.785,0.037,29.6,40.86,8.908,0.018,59.1,9.012,1,0,,,5,57466.68083436,2695030301351017880,8.801,0.024,6.037,0.041,2.73,0.011,1.146,0.013,1300956511,13.282,0.0497,12.373,0.0591,12.099,0.0497,0.583245,110.863697
69,269.3874695,-30.7193873,17h57m32.99s,-30d43m09.79s,0.0383,0.0361,0.0122,10.627,0.042,25.9,19.5,8.883,0.015,74.3,7.8,1,0,,,5,57466.81186552,2695030301351017880,8.801,0.024,6.037,0.041,2.73,0.011,1.146,0.013,1300956511,13.282,0.0497,12.373,0.0591,12.099,0.0497,0.684216,83.140507
70,269.387629,-30.7194617,17h57m33.03s,-30d43m10.06s,0.0462,0.0464,-0.0195,10.515,0.026,42.4,49.68,8.888,0.019,57.4,9.043,1,0,,,5,57466.94289669,2695030301351017880,8.801,0.024,6.037,0.041,2.73,0.011,1.146,0.013,1300956511,13.282,0.0497,12.373,0.0591,12.099,0.0497,1.187622,99.016469
71,269.3873841,-30.7194281,17h57m32.97s,-30d43m09.94s,0.0347,0.0389,-0.014,10.888,0.042,25.6,26.38,8.899,0.014,78.2,10.76,1,0,,,5,57637.12808307,2695030301351017880,8.801,0.024,6.037,0.041,2.73,0.011,1.146,0.013,1300956511,13.282,0.0497,12.373,0.0591,12.099,0.0497,0.420104,98.922914
72,269.3874191,-30.7193909,17h57m32.98s,-30d43m09.81s,0.0426,0.0458,-0.0094,10.634,0.037,29.6,28.36,8.898,0.018,61.8,8.065,1,0,,,5,57637.25911417,2695030301351017880,8.801,0.024,6.037,0.041,2.73,0.011,1.146,0.013,1300956511,13.282,0.0497,12.373,0.0591,12.099,0.0497,0.527834,82.514982
73,269.3873378,-30.7194504,17h57m32.96s,-30d43m10.02s,0.0418,0.0353,-0.011,11.065,0.051,21.2,19.89,8.953,0.015,72.4,2.294,1,0,,,5,57637.39014527,2695030301351017880,8.801,0.024,6.037,0.041,2.73,0.011,1.146,0.013,1300956511,13.282,0.0497,12.373,0.0591,12.099,0.0497,0.308203,118.157599
74,269.3874772,-30.7194541,17h57m32.99s,-30d43m10.03s,0.0367,0.0378,-0.0134,10.736,0.03,36.7,37.44,8.955,0.015,71.4,10.39,1,0,,,5,57637.52117637,2695030301351017880,8.801,0.024,6.037,0.041,2.73,0.011,1.146,0.013,1300956511,13.282,0.0497,12.373,0.0591,12.099,0.0497,0.720846,102.723211
75,269.3873728,-30.7194603,17h57m32.97s,-30d43m10.06s,0.042,0.0442,-0.0162,10.917,0.051,21.3,15.61,8.919,0.016,67.9,8.863,1,0,,,5,57637.58662821,2695030301351017880,8.801,0.024,6.037,0.041,2.73,0.011,1.146,0.013,1300956511,13.282,0.0497,12.373,0.0591,12.099,0.0497,0.42098,115.476313
76,269.3877345,-30.7194142,17h57m33.06s,-30d43m09.89s,0.0446,0.041,-0.014,10.57,0.024,44.6,20.77,8.948,0.018,61.6,18.53,1,0,,,5,57637.65220742,2695030301351017880,8.801,0.024,6.037,0.041,2.73,0.011,1.146,0.013,1300956511,13.282,0.0497,12.373,0.0591,12.099,0.0497,1.499528,90.577856
77,269.3874342,-30.7193951,17h57m32.98s,-30d43m09.82s,0.0505,0.05,-0.0132,10.851,0.043,25.2,17.17,8.927,0.018,61.5,3.51,1,0,,,5,57637.71765931,2695030301351017880,8.801,0.024,6.037,0.041,2.73,0.011,1.146,0.013,1300956511,13.282,0.0497,12.373,0.0591,12.099,0.0497,0.572587,84.624706
78,269.3874052,-30.7194859,17h57m32.98s,-30d43m10.15s,0.0429,0.0395,-0.01,10.821,0.038,28.8,33.51,8.928,0.016,67.7,9.467,1,0,,,5,57637.78323856,2695030301351017880,8.801,0.024,6.037,0.041,2.73,0.011,1.146,0.013,1300956511,13.282,0.0497,12.373,0.0591,12.099,0.0497,0.552605,119.634331
79,269.3874606,-30.719459,17h57m32.99s,-30d43m10.05s,0.0425,0.0419,-0.0169,10.818,0.035,31.0,24.11,8.92,0.016,68.5,5.567,1,0,,,5,57637.84869045,2695030301351017880,8.801,0.024,6.037,0.041,2.73,0.011,1.146,0.013,1300956511,13.282,0.0497,12.373,0.0591,12.099,0.0497,0.675224,105.144113
80,269.3874839,-30.7194076,17h57m33.00s,-30d43m09.87s,0.0443,0.0376,-0.0174,10.765,0.03,36.3,27.25,8.985,0.014,76.3,7.128,1,0,,,5,57637.97972155,2695030301351017880,8.801,0.024,6.037,0.041,2.73,0.011,1.146,0.013,1300956511,13.282,0.0497,12.373,0.0591,12.099,0.0497,0.723939,89.316232
81,269.3875008,-30.7194364,17h57m33.00s,-30d43m09.97s,0.0488,0.0458,-0.0149,10.771,0.033,33.4,26.47,8.948,0.017,65.7,3.529,1,0,,,5,57638.1107527,2695030301351017880,8.801,0.024,6.037,0.041,2.73,0.011,1.146,0.013,1300956511,13.282,0.0497,12.373,0.0591,12.099,0.0497,0.781984,96.98088
82,269.3875357,-30.7194923,17h57m33.01s,-30d43m10.17s,0.0443,0.0422,-0.0187,10.692,0.031,35.4,27.68,8.909,0.016,67.6,5.413,1,0,,,5,57638.24178375,2695030301351017880,8.801,0.024,6.037,0.041,2.73,0.011,1.146,0.013,1300956511,13.282,0.0497,12.373,0.0591,12.099,0.0497,0.932518,108.525235
83,269.3876078,-30.7195034,17h57m33.03s,-30d43m10.21s,0.0329,0.0317,-0.0105,10.496,0.02,54.1,71.7,8.983,0.016,68.7,22.16,1,0,,,5,57641.9104069,2695030301351017880,8.801,0.024,6.037,0.041,2.73,0.011,1.146,0.013,1300956511,13.282,0.0497,12.373,0.0591,12.099,0.0497,1.157261,106.890895
84,269.3874665,-30.7194105,17h57m32.99s,-30d43m09.88s,0.0382,0.037,-0.0078,10.625,0.022,49.7,90.94,8.947,0.016,68.7,6.348,1,0,,,5,57830.3204122,2695030301351017880,8.801,0.024,6.037,0.041,2.73,0.011,1.146,0.013,1300956511,13.282,0.0497,12.373,0.0591,12.099,0.0497,0.670035,90.153976
85,269.3875639,-30.7193674,17h57m33.02s,-30d43m09.72s,0.0456,0.042,-0.0142,10.609,0.028,38.9,35.1,8.927,0.016,66.2,7.131,1,0,,,10,57830.45144344,2695030301351017880,8.801,0.024,6.037,0.041,2.73,0.011,1.146,0.013,1300956511,13.282,0.0497,12.373,0.0591,12.099,0.0497,0.983504,81.0292
86,269.3874676,-30.7194548,17h57m32.99s,-30d43m10.04s,0.0441,0.0587,-0.0114,10.794,0.043,25.3,22.08,8.915,0.019,56.9,7.025,1,0,,,5,57830.58234731,2695030301351017880,8.801,0.024,6.037,0.041,2.73,0.011,1.146,0.013,1300956511,13.282,0.0497,12.373,0.0591,12.099,0.0497,0.692478,103.468018
87,269.3875031,-30.7194232,17h57m33.00s,-30d43m09.92s,0.0441,0.0371,-0.0082,10.757,0.045,23.9,19.41,8.937,0.014,75.8,6.352,1,0,,,5,57830.64792662,2695030301351017880,8.801,0.024,6.037,0.041,2.73,0.011,1.146,0.013,1300956511,13.282,0.0497,12.373,0.0591,12.099,0.0497,0.784746,93.471716
88,269.3875549,-30.7194024,17h57m33.01s,-30d43m09.85s,0.0357,0.0346,-0.0092,10.714,0.027,39.5,27.48,8.904,0.014,77.1,11.77,1,0,,,5,57830.71337861,2695030301351017880,8.801,0.024,6.037,0.041,2.73,0.011,1.146,0.013,1300956511,13.282,0.0497,12.373,0.0591,12.099,0.0497,0.944016,88.339265
89,269.3875068,-30.7194014,17h57m33.00s,-30d43m09.85s,0.0452,0.0481,-0.0103,10.728,0.037,29.4,17.77,8.869,0.018,60.3,4.441,1,0,,,5,57830.77883054,2695030301351017880,8.801,0.024,6.037,0.041,2.73,0.011,1.146,0.013,1300956511,13.282,0.0497,12.373,0.0591,12.099,0.0497,0.795358,87.769217
90,269.3874074,-30.7194565,17h57m32.98s,-30d43m10.04s,0.0563,0.0685,-0.0204,10.928,0.062,17.6,10.93,8.936,0.02,54.0,8.493,1,0,,,5,57830.84428253,2695030301351017880,8.801,0.024,6.037,0.041,2.73,0.011,1.146,0.013,1300956511,13.282,0.0497,12.373,0.0591,12.099,0.0497,0.515089,108.965142
91,269.3875055,-30.7194224,17h57m33.00s,-30d43m09.92s,0.0473,0.0489,-0.0204,10.676,0.04,27.0,23.41,8.911,0.019,58.3,5.156,1,0,,,5,57830.8444099,2695030301351017880,8.801,0.024,6.037,0.041,2.73,0.011,1.146,0.013,1300956511,13.282,0.0497,12.373,0.0591,12.099,0.0497,0.79199,93.231209
92,269.3874274,-30.7194601,17h57m32.98s,-30d43m10.06s,0.0408,0.041,-0.0177,10.847,0.04,27.0,26.32,8.918,0.016,69.3,8.667,1,0,,,5,57830.90986189,2695030301351017880,8.801,0.024,6.037,0.041,2.73,0.011,1.146,0.013,1300956511,13.282,0.0497,12.373,0.0591,12.099,0.0497,0.577891,108.185882
93,269.3873792,-30.7194281,17h57m32.97s,-30d43m09.94s,0.0635,0.0718,-0.0352,10.839,0.063,17.2,13.76,8.852,0.025,43.7,5.662,1,0,,,5,57831.04076576,2695030301351017880,8.801,0.024,6.037,0.041,2.73,0.011,1.146,0.013,1300956511,13.282,0.0497,12.373,0.0591,12.099,0.0497,0.405131,99.255567
94,269.3874052,-30.7194161,17h57m32.98s,-30d43m09.90s,0.0427,0.0608,-0.0251,10.793,0.044,24.6,29.96,8.909,0.019,55.8,8.791,1,0,,,5,57831.17179705,2695030301351017880,8.801,0.024,6.037,0.041,2.73,0.011,1.146,0.013,1300956511,13.282,0.0497,12.373,0.0591,12.099,0.0497,0.480817,92.617752
95,269.3874232,-30.7194022,17h57m32.98s,-30d43m09.85s,0.0433,0.0435,-0.0124,10.73,0.037,29.5,33.31,8.927,0.016,68.5,5.844,1,0,,,5,57833.20170433,2695030301351017880,8.801,0.024,6.037,0.041,2.73,0.011,1.146,0.013,1300956511,13.282,0.0497,12.373,0.0591,12.099,0.0497,0.536761,87.001323
96,269.3878844,-30.7193493,17h57m33.09s,-30d43m09.66s,0.0387,0.037,0.0047,10.609,0.023,47.7,28.31,8.957,0.017,63.2,33.74,1,0,,,5,57833.20183169,2695030301351017880,8.801,0.024,6.037,0.041,2.73,0.011,1.146,0.013,1300956506,12.395,0.0473,11.425,0.0458,11.084,0.0428,1.975493,83.64937
97,269.3874355,-30.7194292,17h57m32.98s,-30d43m09.95s,0.0503,0.0545,-0.0163,10.754,0.038,28.6,19.1,8.95,0.02,54.4,4.161,1,0,,,5,57833.33273572,2695030301351017880,8.801,0.024,6.037,0.041,2.73,0.011,1.146,0.013,1300956511,13.282,0.0497,12.373,0.0591,12.099,0.0497,0.578243,96.865325
98,269.3874256,-30.7194619,17h57m32.98s,-30d43m10.06s,0.04,0.0433,-0.0043,10.73,0.041,26.2,36.33,8.94,0.015,71.7,10.96,1,0,,,10,57833.46363979,2695030301351017880,8.801,0.024,6.037,0.041,2.73,0.011,1.146,0.013,1300956511,13.282,0.0497,12.373,0.0591,12.099,0.0497,0.574678,108.973041
99,269.3874633,-30.7194339,17h57m32.99s,-30d43m09.96s,0.0375,0.0405,-0.0108,10.745,0.033,32.5,33.85,8.876,0.016,67.0,7.757,1,0,,,5,57833.46376716,2695030301351017880,8.801,0.024,6.037,0.041,2.73,0.011,1.146,0.013,1300956511,13.282,0.0497,12.373,0.0591,12.099,0.0497,0.665713,97.426003
100,269.3874828,-30.7194219,17h57m33.00s,-30d43m09.92s,0.0416,0.0373,-0.0122,10.761,0.033,32.8,26.59,8.928,0.015,73.8,6.457,1,0,,,5,57833.52921918,2695030301351017880,8.801,0.024,6.037,0.041,2.73,0.011,1.146,0.013,1300956511,13.282,0.0497,12.373,0.0591,12.099,0.0497,0.72175,93.402881
101,269.387439,-30.7193942,17h57m32.99s,-30d43m09.82s,0.0382,0.0557,-0.017,10.922,0.035,31.5,34.0,8.903,0.018,60.6,8.764,1,0,,,5,57833.59467119,2695030301351017880,8.801,0.024,6.037,0.041,2.73,0.011,1.146,0.013,1300956511,13.282,0.0497,12.373,0.0591,12.099,0.0497,0.587682,84.445892
102,269.3875538,-30.7194155,17h57m33.01s,-30d43m09.90s,0.0487,0.0522,-0.0151,10.702,0.03,35.6,26.12,8.909,0.018,60.6,7.952,1,0,,,5,57833.66012321,2695030301351017880,8.801,0.024,6.037,0.041,2.73,0.011,1.146,0.013,1300956511,13.282,0.0497,12.373,0.0591,12.099,0.0497,0.940422,91.206493
103,269.3875431,-30.7194356,17h57m33.01s,-30d43m09.97s,0.0559,0.0606,0.0122,10.727,0.036,30.5,16.5,8.927,0.021,52.1,6.133,1,0,,,5,57833.72557522,2695030301351017880,8.801,0.024,6.037,0.041,2.73,0.011,1.146,0.013,1300956511,13.282,0.0497,12.373,0.0591,12.099,0.0497,0.911768,95.80134
104,269.3874212,-30.7194917,17h57m32.98s,-30d43m10.17s,0.0509,0.054,-0.0322,10.717,0.062,17.6,10.35,8.876,0.019,56.3,6.146,1,0,,,5,57833.72570258,2695030301351017880,8.801,0.024,6.037,0.041,2.73,0.011,1.146,0.013,1300956511,13.282,0.0497,12.373,0.0591,12.099,0.0497,0.605995,119.035303
105,269.3875105,-30.7193804,17h57m33.00s,-30d43m09.77s,0.0392,0.0383,-0.0131,10.557,0.028,38.9,37.96,8.897,0.015,71.2,9.655,1,0,,,5,57833.7911546,2695030301351017880,8.801,0.024,6.037,0.041,2.73,0.011,1.146,0.013,1300956511,13.282,0.0497,12.373,0.0591,12.099,0.0497,0.813217,82.470673
106,269.3874686,-30.7194412,17h57m32.99s,-30d43m09.99s,0.0347,0.0336,-0.0081,10.739,0.029,37.1,39.17,8.886,0.013,83.0,9.077,1,0,,,5,57833.92205867,2695030301351017880,8.801,0.024,6.037,0.041,2.73,0.011,1.146,0.013,1300956511,13.282,0.0497,12.373,0.0591,12.099,0.0497,0.685795,99.426487
107,269.3874486,-30.7194185,17h57m32.99s,-30d43m09.91s,0.0362,0.0389,-0.0132,10.695,0.035,31.3,37.41,8.903,0.016,68.9,8.295,1,0,,,5,57834.0530901,2695030301351017880,8.801,0.024,6.037,0.041,2.73,0.011,1.146,0.013,1300956511,13.282,0.0497,12.373,0.0591,12.099,0.0497,0.615401,92.850199
108,269.3873755,-30.7194574,17h57m32.97s,-30d43m10.05s,0.0398,0.0399,-0.016,10.845,0.054,20.1,16.46,8.928,0.014,75.9,7.441,1,0,,,5,57834.18399418,2695030301351017880,8.801,0.024,6.037,0.041,2.73,0.011,1.146,0.013,1300956511,13.282,0.0497,12.373,0.0591,12.099,0.0497,0.424233,113.717717
109,269.3874398,-30.7194475,17h57m32.99s,-30d43m10.01s,0.0427,0.043,-0.012,10.607,0.02,53.1,135.0,8.896,0.023,47.3,3.803,1,0,,,10,58000.71056378,2695030301351017880,8.801,0.024,6.037,0.041,2.73,0.011,1.146,0.013,1300956511,13.282,0.0497,12.373,0.0591,12.099,0.0497,0.602713,102.943331
110,269.3874275,-30.7194253,17h57m32.98s,-30d43m09.93s,0.0468,0.0531,-0.0146,10.789,0.039,27.5,27.54,9.025,0.018,59.0,6.25,1,0,,,5,58000.84146711,2695030301351017880,8.801,0.024,6.037,0.041,2.73,0.011,1.146,0.013,1300956511,13.282,0.0497,12.373,0.0591,12.099,0.0497,0.552092,95.725767
111,269.3874159,-30.7194562,17h57m32.98s,-30d43m10.04s,0.0494,0.0501,-0.0247,10.715,0.04,27.3,31.6,8.95,0.019,57.6,7.07,1,0,,,5,58001.03782207,2695030301351017880,8.801,0.024,6.037,0.041,2.73,0.011,1.146,0.013,1300956511,13.282,0.0497,12.373,0.0591,12.099,0.0497,0.539701,107.949049
112,269.3874725,-30.7194556,17h57m32.99s,-30d43m10.04s,0.0467,0.0485,-0.016,10.865,0.045,24.3,21.82,8.982,0.017,62.9,4.1,1,0,,,5,58001.10327375,2695030301351017880,8.801,0.024,6.037,0.041,2.73,0.011,1.146,0.013,1300956511,13.282,0.0497,12.373,0.0591,12.099,0.0497,0.707899,103.408847
113,269.3873773,-30.7194047,17h57m32.97s,-30d43m09.86s,0.0362,0.0415,-0.0145,10.904,0.046,23.7,27.0,8.962,0.015,72.1,5.331,1,0,,,10,58001.16885275,2695030301351017880,8.801,0.024,6.037,0.041,2.73,0.011,1.146,0.013,1300956511,13.282,0.0497,12.373,0.0591,12.099,0.0497,0.394438,87.227386
114,269.3874017,-30.7194321,17h57m32.98s,-30d43m09.96s,0.0438,0.0498,-0.0111,10.76,0.033,32.8,33.21,8.933,0.018,59.9,8.773,1,0,,,5,58001.23430429,2695030301351017880,8.801,0.024,6.037,0.041,2.73,0.011,1.146,0.013,1300956511,13.282,0.0497,12.373,0.0591,12.099,0.0497,0.476178,99.618078
115,269.3874359,-30.7194916,17h57m32.98s,-30d43m10.17s,0.0443,0.0463,-0.0126,10.762,0.039,27.5,29.67,8.964,0.017,63.4,3.947,1,0,,,5,58001.29975594,2695030301351017880,8.801,0.024,6.037,0.041,2.73,0.011,1.146,0.013,1300956511,13.282,0.0497,12.373,0.0591,12.099,0.0497,0.645987,117.048567
116,269.3874664,-30.7194783,17h57m32.99s,-30d43m10.12s,0.0489,0.0522,-0.0169,10.773,0.045,24.0,15.34,8.914,0.018,60.4,6.318,1,0,,,5,58001.43065926,2695030301351017880,8.801,0.024,6.037,0.041,2.73,0.011,1.146,0.013,1300956511,13.282,0.0497,12.373,0.0591,12.099,0.0497,0.713436,110.160067
117,269.3874857,-30.7194097,17h57m33.00s,-30d43m09.87s,0.0472,0.0468,-0.0118,10.751,0.033,32.6,22.23,9.003,0.016,66.0,10.27,1,0,,,5,58001.56156249,2695030301351017880,8.801,0.024,6.037,0.041,2.73,0.011,1.146,0.013,1300956511,13.282,0.0497,12.373,0.0591,12.099,0.0497,0.729457,89.915231
118,269.3874261,-30.7194581,17h57m32.98s,-30d43m10.05s,0.0521,0.0448,-0.0114,10.525,0.039,27.6,43.22,8.973,0.017,63.0,6.734,1,0,,,5,58001.69259313,2695030301351017880,8.801,0.024,6.037,0.041,2.73,0.011,1.146,0.013,1300956511,13.282,0.0497,12.373,0.0591,12.099,0.0497,0.571852,107.626322
119,269.3875193,-30.7193697,17h57m33.00s,-30d43m09.73s,0.0526,0.0535,-0.0185,10.766,0.037,29.1,21.6,9.023,0.018,59.5,3.623,1,0,,,5,58197.32015072,2695030301351017880,8.801,0.024,6.037,0.041,2.73,0.011,1.146,0.013,1300956511,13.282,0.0497,12.373,0.0591,12.099,0.0497,0.845973,80.12535
120,269.387407,-30.719594,17h57m32.98s,-30d43m10.54s,0.0404,0.0446,-0.0086,10.798,0.041,26.2,20.23,8.901,0.015,72.9,32.0,1,0,,,10,58197.45105455,2695030301351017880,8.801,0.024,6.037,0.041,2.73,0.011,1.146,0.013,1300956511,13.282,0.0497,12.373,0.0591,12.099,0.0497,0.821499,143.738876
121,269.3874628,-30.7194113,17h57m32.99s,-30d43m09.88s,0.049,0.0382,0.0132,10.814,0.034,31.5,26.63,9.069,0.015,70.1,8.8,1,0,,,10,58197.58195844,2695030301351017880,8.801,0.024,6.037,0.041,2.73,0.011,1.146,0.013,1300956511,13.282,0.0497,12.373,0.0591,12.099,0.0497,0.658601,90.407201
122,269.3874575,-30.7193917,17h57m32.99s,-30d43m09.81s,0.0441,0.0444,-0.0139,10.66,0.032,33.9,35.32,9.035,0.017,65.6,5.749,1,0,,,5,58197.71286231,2695030301351017880,8.801,0.024,6.037,0.041,2.73,0.011,1.146,0.013,1300956511,13.282,0.0497,12.373,0.0591,12.099,0.0497,0.645548,84.142685
123,269.3875339,-30.7194173,17h57m33.01s,-30d43m09.90s,0.047,0.043,-0.0112,10.709,0.032,34.0,28.34,9.027,0.016,68.6,9.025,1,0,,,5,58197.77831428,2695030301351017880,8.801,0.024,6.037,0.041,2.73,0.011,1.146,0.013,1300956511,13.282,0.0497,12.373,0.0591,12.099,0.0497,0.879018,91.713297
124,269.3874926,-30.7193936,17h57m33.00s,-30d43m09.82s,0.0442,0.0507,-0.0126,10.714,0.032,33.4,29.66,9.046,0.02,55.6,6.33,1,0,,,5,58197.8437662,2695030301351017880,8.801,0.024,6.037,0.041,2.73,0.011,1.146,0.013,1300956511,13.282,0.0497,12.373,0.0591,12.099,0.0497,0.753129,85.503854
125,269.3873455,-30.7194002,17h57m32.96s,-30d43m09.84s,0.0517,0.0542,-0.0147,10.843,0.05,21.5,13.62,9.076,0.017,65.2,8.835,1,0,,,5,58197.90921816,2695030301351017880,8.801,0.024,6.037,0.041,2.73,0.011,1.146,0.013,1300956511,13.282,0.0497,12.373,0.0591,12.099,0.0497,0.297662,83.192977
126,269.3875223,-30.7194049,17h57m33.01s,-30d43m09.86s,0.04,0.0414,-0.0156,10.724,0.029,37.5,36.41,8.991,0.015,72.0,8.448,1,0,,,5,58198.04012205,2695030301351017880,8.801,0.024,6.037,0.041,2.73,0.011,1.146,0.013,1300956511,13.282,0.0497,12.373,0.0591,12.099,0.0497,0.842925,88.751997
127,269.3874699,-30.7194359,17h57m32.99s,-30d43m09.97s,0.0465,0.0428,-0.0193,10.736,0.047,23.3,24.68,9.038,0.018,61.6,4.222,1,0,,,5,58198.17051657,2695030301351017880,8.801,0.024,6.037,0.041,2.73,0.011,1.146,0.013,1300956511,13.282,0.0497,12.373,0.0591,12.099,0.0497,0.686917,97.801326
128,269.3875011,-30.719405,17h57m33.00s,-30d43m09.86s,0.0417,0.047,-0.0076,10.718,0.036,30.0,25.74,9.05,0.018,61.3,4.868,1,0,,,5,58198.30192972,2695030301351017880,8.801,0.024,6.037,0.041,2.73,0.011,1.146,0.013,1300956511,13.282,0.0497,12.373,0.0591,12.099,0.0497,0.777325,88.673184
129,269.3873382,-30.7194793,17h57m32.96s,-30d43m10.13s,0.0425,0.0471,-0.0099,10.841,0.042,25.7,24.32,9.107,0.017,63.0,10.95,1,0,,,5,58361.20823709,2695030301351017880,8.801,0.024,6.037,0.041,2.73,0.011,1.146,0.013,1300956511,13.282,0.0497,12.373,0.0591,12.099,0.0497,0.369802,132.426162
130,269.3875519,-30.7194271,17h57m33.01s,-30d43m09.94s,0.043,0.0418,-0.0069,10.544,0.029,37.1,21.15,9.041,0.017,64.6,6.625,1,0,,,5,58361.33901301,2695030301351017880,8.801,0.024,6.037,0.041,2.73,0.011,1.146,0.013,1300956511,13.282,0.0497,12.373,0.0591,12.099,0.0497,0.93636,93.769648
131,269.3874146,-30.7194249,17h57m32.98s,-30d43m09.93s,0.0357,0.0361,-0.0138,10.736,0.028,38.4,64.66,9.048,0.016,68.0,6.611,1,0,,,5,58361.33914038,2695030301351017880,8.801,0.024,6.037,0.041,2.73,0.011,1.146,0.013,1300956511,13.282,0.0497,12.373,0.0591,12.099,0.0497,0.512229,96.011021
132,269.3874285,-30.719468,17h57m32.98s,-30d43m10.08s,0.0361,0.035,-0.0102,10.713,0.036,30.5,24.38,9.022,0.014,80.4,6.19,1,0,,,5,58361.46991625,2695030301351017880,8.801,0.024,6.037,0.041,2.73,0.011,1.146,0.013,1300956511,13.282,0.0497,12.373,0.0591,12.099,0.0497,0.590576,110.704964
133,269.38742,-30.7194593,17h57m32.98s,-30d43m10.05s,0.0333,0.0346,-0.0129,10.777,0.034,32.2,30.48,9.079,0.013,85.2,19.02,1,0,,,5,58361.53536788,2695030301351017880,8.801,0.024,6.037,0.041,2.73,0.011,1.146,0.013,1300956511,13.282,0.0497,12.373,0.0591,12.099,0.0497,0.555257,108.641105
134,269.3875281,-30.7194672,17h57m33.01s,-30d43m10.08s,0.0601,0.0576,-0.0268,10.604,0.029,37.0,32.89,9.089,0.023,46.4,4.197,1,0,,,5,58361.60081948,2695030301351017880,8.801,0.024,6.037,0.041,2.73,0.011,1.146,0.013,1300956511,13.282,0.0497,12.373,0.0591,12.099,0.0497,0.884968,103.455368
135,269.3874788,-30.7194283,17h57m32.99s,-30d43m09.94s,0.0406,0.0483,-0.012,10.777,0.034,31.7,33.21,9.045,0.017,62.2,8.723,1,0,,,5,58361.66627102,2695030301351017880,8.801,0.024,6.037,0.041,2.73,0.011,1.146,0.013,1300956511,13.282,0.0497,12.373,0.0591,12.099,0.0497,0.711161,95.315421
136,269.3875268,-30.7194646,17h57m33.01s,-30d43m10.07s,0.0425,0.0391,-0.0123,10.659,0.028,39.0,32.03,9.005,0.016,66.1,6.407,1,0,,,5,58361.73172266,2695030301351017880,8.801,0.024,6.037,0.041,2.73,0.011,1.146,0.013,1300956511,13.282,0.0497,12.373,0.0591,12.099,0.0497,0.878916,102.922964
137,269.3873425,-30.7194135,17h57m32.96s,-30d43m09.89s,0.0398,0.0358,-0.0159,10.924,0.04,27.2,33.53,9.036,0.015,73.4,8.248,1,0,,,5,58361.79717429,2695030301351017880,8.801,0.024,6.037,0.041,2.73,0.011,1.146,0.013,1300956511,13.282,0.0497,12.373,0.0591,12.099,0.0497,0.286553,92.520208
138,269.388025,-30.7194126,17h57m33.13s,-30d43m09.89s,0.0366,0.041,0.0063,10.486,0.021,51.3,27.18,9.23,0.017,64.5,72.33,1,0,,,5,58361.92795074,2695030301351017880,8.801,0.024,6.037,0.041,2.73,0.011,1.146,0.013,1300956506,12.395,0.0473,11.425,0.0458,11.084,0.0428,2.398523,90.22379
139,269.3873304,-30.7195686,17h57m32.96s,-30d43m10.45s,0.042,0.043,-0.0059,10.905,0.031,35.1,64.25,8.853,0.018,61.9,41.18,1,0,,,10,58361.9280781,2695030301351017880,8.801,0.024,6.037,0.041,2.73,0.011,1.146,0.013,1300956511,13.282,0.0497,12.373,0.0591,12.099,0.0497,0.622824,156.452364
140,269.387427,-30.7194589,17h57m32.98s,-30d43m10.05s,0.0497,0.0413,-0.0079,10.708,0.043,25.0,17.81,9.079,0.016,65.8,12.04,1,0,,,5,58362.05885402,2695030301351017880,8.801,0.024,6.037,0.041,2.73,0.011,1.146,0.013,1300956511,13.282,0.0497,12.373,0.0591,12.099,0.0497,0.575376,107.815659
141,269.3874228,-30.7194245,17h57m32.98s,-30d43m09.93s,0.0532,0.054,-0.0255,10.629,0.035,31.3,23.69,9.022,0.018,58.7,2.861,1,0,,,5,58362.18975725,2695030301351017880,8.801,0.024,6.037,0.041,2.73,0.011,1.146,0.013,1300956511,13.282,0.0497,12.373,0.0591,12.099,0.0497,0.537333,95.574942
142,269.3874462,-30.7193813,17h57m32.99s,-30d43m09.77s,0.0504,0.0482,-0.0172,10.71,0.039,28.1,23.24,9.046,0.017,62.5,7.766,1,0,,,0,58561.53348988,2695030301351017880,8.801,0.024,6.037,0.041,2.73,0.011,1.146,0.013,1300956511,13.282,0.0497,12.373,0.0591,12.099,0.0497,0.615938,80.343337
143,269.3874804,-30.7194784,17h57m33.00s,-30d43m10.12s,0.0524,0.0586,-0.02,10.746,0.039,28.1,24.6,9.031,0.019,57.1,5.288,1,0,,,10,58561.66426601,2695030301351017880,8.801,0.024,6.037,0.041,2.73,0.011,1.146,0.013,1300956511,13.282,0.0497,12.373,0.0591,12.099,0.0497,0.75437,109.051511
144,269.3875477,-30.7194448,17h57m33.01s,-30d43m10.00s,0.05,0.0488,0.0162,10.677,0.032,33.6,24.51,9.061,0.02,54.6,5.847,1,0,,,10,58561.79516949,2695030301351017880,8.801,0.024,6.037,0.041,2.73,0.011,1.146,0.013,1300956511,13.282,0.0497,12.373,0.0591,12.099,0.0497,0.929814,97.74346800000001
145,269.3874998,-30.7194048,17h57m33.00s,-30d43m09.86s,0.0466,0.0484,-0.0118,10.654,0.031,35.0,37.01,9.032,0.018,61.7,6.171,1,0,,,10,58561.86049389,2695030301351017880,8.801,0.024,6.037,0.041,2.73,0.011,1.146,0.013,1300956511,13.282,0.0497,12.373,0.0591,12.099,0.0497,0.773317,88.61295
146,269.3874499,-30.7194286,17h57m32.99s,-30d43m09.94s,0.0422,0.0467,-0.0197,10.367,0.03,36.3,52.68,8.975,0.018,58.9,9.228,1,0,,,5,58561.9259456,2695030301351017880,8.801,0.024,6.037,0.041,2.73,0.011,1.146,0.013,1300956511,13.282,0.0497,12.373,0.0591,12.099,0.0497,0.62227,96.177356
147,269.387562,-30.7193987,17h57m33.01s,-30d43m09.84s,0.045,0.0467,-0.0129,10.692,0.03,36.4,22.2,9.024,0.017,64.4,6.646,1,0,,,10,58561.99139737,2695030301351017880,8.801,0.024,6.037,0.041,2.73,0.011,1.146,0.013,1300956511,13.282,0.0497,12.373,0.0591,12.099,0.0497,0.966451,87.587658
148,269.3874705,-30.7193706,17h57m32.99s,-30d43m09.73s,0.0386,0.0479,-0.0104,10.669,0.033,32.8,34.44,9.024,0.019,56.5,12.18,1,0,,,10,58562.05684913,2695030301351017880,8.801,0.024,6.037,0.041,2.73,0.011,1.146,0.013,1300956511,13.282,0.0497,12.373,0.0591,12.099,0.0497,0.696999,78.258283
149,269.3873918,-30.7194246,17h57m32.97s,-30d43m09.93s,0.0494,0.0515,-0.0106,10.652,0.034,31.7,39.98,9.019,0.018,59.2,3.634,1,0,,,10,58562.12217353,2695030301351017880,8.801,0.024,6.037,0.041,2.73,0.011,1.146,0.013,1300956511,13.282,0.0497,12.373,0.0591,12.099,0.0497,0.441988,96.829696
150,269.3874995,-30.7194379,17h57m33.00s,-30d43m09.98s,0.0376,0.0399,-0.0148,10.665,0.03,35.9,40.5,9.073,0.016,69.6,9.782,1,0,,,5,58562.12230085,2695030301351017880,8.801,0.024,6.037,0.041,2.73,0.011,1.146,0.013,1300956511,13.282,0.0497,12.373,0.0591,12.099,0.0497,0.778667,97.411259
151,269.3874784,-30.7194317,17h57m32.99s,-30d43m09.95s,0.0409,0.0357,-0.0128,10.705,0.033,33.1,27.21,9.04,0.014,76.1,10.72,1,0,,,10,58562.25307692,2695030301351017880,8.801,0.024,6.037,0.041,2.73,0.011,1.146,0.013,1300956511,13.282,0.0497,12.373,0.0591,12.099,0.0497,0.711168,96.306596
152,269.3875085,-30.7194468,17h57m33.00s,-30d43m10.01s,0.0349,0.0374,-0.0172,10.48,0.021,51.1,117.4,8.997,0.017,63.4,7.214,1,0,,,10,58562.38398045,2695030301351017880,8.801,0.024,6.037,0.041,2.73,0.011,1.146,0.013,1300956511,13.282,0.0497,12.373,0.0591,12.099,0.0497,0.810914,99.402714
153,269.38742,-30.7194218,17h57m32.98s,-30d43m09.92s,0.0377,0.0372,-0.0096,10.719,0.039,27.6,20.27,9.083,0.014,78.5,9.097,1,0,,,5,58725.36433608,2695030301351017880,8.801,0.024,6.037,0.041,2.73,0.011,1.146,0.013,1300956511,13.282,0.0497,12.373,0.0591,12.099,0.0497,0.527834,94.616175
154,269.3873268,-30.7194565,17h57m32.96s,-30d43m10.04s,0.0419,0.0447,-0.0165,10.788,0.045,24.0,25.15,9.081,0.015,70.4,17.51,1,0,,,5,58725.49473,2695030301351017880,8.801,0.024,6.037,0.041,2.73,0.011,1.146,0.013,1300956511,13.282,0.0497,12.373,0.0591,12.099,0.0497,0.29071,125.156913
155,269.3874549,-30.7194716,17h57m32.99s,-30d43m10.10s,0.0373,0.0413,-0.0199,10.805,0.035,30.8,26.19,9.08,0.014,75.7,10.46,1,0,,,5,58725.62601513,2695030301351017880,8.801,0.024,6.037,0.041,2.73,0.011,1.146,0.013,1300956511,13.282,0.0497,12.373,0.0591,12.099,0.0497,0.671788,109.275064
156,269.3876988,-30.7194459,17h57m33.05s,-30d43m10.01s,0.0395,0.04,-0.0103,10.56,0.025,44.1,33.62,9.001,0.017,62.2,23.93,1,0,,,5,58725.69146677,2695030301351017880,8.801,0.024,6.037,0.041,2.73,0.011,1.146,0.013,1300956511,13.282,0.0497,12.373,0.0591,12.099,0.0497,1.394968,95.316044
157,269.3875135,-30.7194408,17h57m33.00s,-30d43m09.99s,0.0471,0.0442,-0.0055,10.724,0.036,30.5,18.94,9.074,0.016,68.2,5.048,1,0,,,5,58725.75679104,2695030301351017880,8.801,0.024,6.037,0.041,2.73,0.011,1.146,0.013,1300956511,13.282,0.0497,12.373,0.0591,12.099,0.0497,0.822998,97.742925
158,269.3875255,-30.7194309,17h57m33.01s,-30d43m09.95s,0.0388,0.0386,0.0012,10.753,0.031,35.2,31.88,9.05,0.015,73.8,12.29,1,0,,,5,58725.82224264,2695030301351017880,8.801,0.024,6.037,0.041,2.73,0.011,1.146,0.013,1300956511,13.282,0.0497,12.373,0.0591,12.099,0.0497,0.855942,95.043052
159,269.3874461,-30.7194856,17h57m32.99s,-30d43m10.15s,0.0513,0.0545,-0.0177,10.655,0.037,29.4,18.99,9.038,0.019,57.2,5.19,1,0,,,5,58725.88769422,2695030301351017880,8.801,0.024,6.037,0.041,2.73,0.011,1.146,0.013,1300956511,13.282,0.0497,12.373,0.0591,12.099,0.0497,0.665131,114.153598
160,269.3874513,-30.7194217,17h57m32.99s,-30d43m09.92s,0.0334,0.0343,0.0062,10.69,0.032,33.7,34.32,9.038,0.014,76.6,7.271,1,0,,,10,58725.95314587,2695030301351017880,8.801,0.024,6.037,0.041,2.73,0.011,1.146,0.013,1300956511,13.282,0.0497,12.373,0.0591,12.099,0.0497,0.624415,93.867886
161,269.3874624,-30.7194596,17h57m32.99s,-30d43m10.05s,0.0481,0.0472,-0.0279,10.716,0.035,30.9,28.09,9.035,0.017,62.7,7.929,1,0,,,5,58726.08392178,2695030301351017880,8.801,0.024,6.037,0.041,2.73,0.011,1.146,0.013,1300956511,13.282,0.0497,12.373,0.0591,12.099,0.0497,0.681165,105.197077
162,269.3874168,-30.7194812,17h57m32.98s,-30d43m10.13s,0.0408,0.0349,0.0042,10.841,0.038,28.7,21.48,9.096,0.014,77.3,9.726,1,0,,,5,58726.21431557,2695030301351017880,8.801,0.024,6.037,0.041,2.73,0.011,1.146,0.013,1300956511,13.282,0.0497,12.373,0.0591,12.099,0.0497,0.576353,116.405934
163,269.3874825,-30.7194487,17h57m33.00s,-30d43m10.02s,0.0473,0.044,-0.0179,10.683,0.035,30.8,18.52,9.076,0.016,67.3,5.233,1,0,,,5,58726.34560074,2695030301351017880,8.801,0.024,6.037,0.041,2.73,0.011,1.146,0.013,1300956511,13.282,0.0497,12.373,0.0591,12.099,0.0497,0.732913,100.958112
164,269.3875663,-30.7194118,17h57m33.02s,-30d43m09.88s,0.0668,0.0667,-0.0318,10.793,0.034,32.2,23.98,9.197,0.025,43.0,4.171,1,0,,,5,58733.86782534,2695030301351017880,8.801,0.024,6.037,0.041,2.73,0.011,1.146,0.013,1300956511,13.282,0.0497,12.373,0.0591,12.099,0.0497,0.978921,90.379355
165,269.3877495,-30.7194027,17h57m33.06s,-30d43m09.85s,0.0825,0.0903,-0.0338,10.718,0.042,25.9,10.16,8.997,0.038,28.5,4.461,1,0,,,0,58733.8679527,2695030301351017880,8.801,0.024,6.037,0.041,2.73,0.011,1.146,0.013,1300956511,13.282,0.0497,12.373,0.0591,12.099,0.0497,1.546099,89.026189
166,269.3875768,-30.7194035,17h57m33.02s,-30d43m09.85s,0.0549,0.0621,-0.0188,10.669,0.033,33.2,22.77,9.1,0.023,48.2,3.579,1,0,,,5,58928.50109249,2695030301351017880,8.801,0.024,6.037,0.041,2.73,0.011,1.146,0.013,1300956511,13.282,0.0497,12.373,0.0591,12.099,0.0497,1.011667,88.674705
167,269.3876459,-30.7193461,17h57m33.04s,-30d43m09.65s,0.0399,0.0415,-0.0138,10.505,0.024,44.5,45.7,9.106,0.016,68.9,17.04,1,0,,,5,58928.63186858,2695030301351017880,8.801,0.024,6.037,0.041,2.73,0.011,1.146,0.013,1300956511,13.282,0.0497,12.373,0.0591,12.099,0.0497,1.246656,79.366637
168,269.3874249,-30.7194558,17h57m32.98s,-30d43m10.04s,0.0538,0.0554,-0.0191,10.666,0.036,30.6,27.02,9.127,0.02,53.9,3.635,1,0,,,5,58928.76277197,2695030301351017880,8.801,0.024,6.037,0.041,2.73,0.011,1.146,0.013,1300956511,13.282,0.0497,12.373,0.0591,12.099,0.0497,0.56584,106.941127
169,269.3874289,-30.7194693,17h57m32.98s,-30d43m10.09s,0.0601,0.0583,0.0031,10.833,0.05,21.8,14.08,9.103,0.022,48.3,3.291,1,0,,,5,58928.8935481,2695030301351017880,8.801,0.024,6.037,0.041,2.73,0.011,1.146,0.013,1300956511,13.282,0.0497,12.373,0.0591,12.099,0.0497,0.593401,111.085401
170,269.3875463,-30.7193904,17h57m33.01s,-30d43m09.81s,0.0536,0.0615,-0.0316,10.484,0.03,35.6,38.87,9.133,0.021,52.0,5.639,1,0,,,5,58928.95887249,2695030301351017880,8.801,0.024,6.037,0.041,2.73,0.011,1.146,0.013,1300956511,13.282,0.0497,12.373,0.0591,12.099,0.0497,0.919711,85.600046
171,269.3874886,-30.7194667,17h57m33.00s,-30d43m10.08s,0.0401,0.0432,-0.0067,10.624,0.038,28.9,25.2,9.087,0.016,67.0,18.35,1,0,,,10,58928.95899985,2695030301351017880,8.801,0.024,6.037,0.041,2.73,0.011,1.146,0.013,1300956511,13.282,0.0497,12.373,0.0591,12.099,0.0497,0.766125,105.452156
172,269.3873927,-30.7194523,17h57m32.97s,-30d43m10.03s,0.0424,0.0538,-0.0156,10.68,0.041,26.3,28.14,9.092,0.016,66.6,14.65,1,0,,,5,58929.02432419,2695030301351017880,8.801,0.024,6.037,0.041,2.73,0.011,1.146,0.013,1300956511,13.282,0.0497,12.373,0.0591,12.099,0.0497,0.467155,109.024749
173,269.3874905,-30.7194282,17h57m33.00s,-30d43m09.94s,0.0492,0.0547,-0.0257,10.625,0.03,36.4,30.41,9.124,0.019,58.6,6.815,1,0,,,5,58929.08977589,2695030301351017880,8.801,0.024,6.037,0.041,2.73,0.011,1.146,0.013,1300956511,13.282,0.0497,12.373,0.0591,12.099,0.0497,0.747191,95.030716
174,269.3875323,-30.71948,17h57m33.01s,-30d43m10.13s,0.0506,0.0704,-0.0259,10.71,0.037,29.0,22.64,9.082,0.02,53.8,6.117,1,0,,,5,58929.15510027,2695030301351017880,8.801,0.024,6.037,0.041,2.73,0.011,1.146,0.013,1300956511,13.282,0.0497,12.373,0.0591,12.099,0.0497,0.909293,106.089587
175,269.3876295,-30.7194383,17h57m33.03s,-30d43m09.98s,0.0535,0.0461,-0.0116,10.683,0.033,33.3,19.48,9.014,0.021,52.4,8.233,1,0,,,5,58929.22055253,2695030301351017880,8.801,0.024,6.037,0.041,2.73,0.011,1.146,0.013,1300956511,13.282,0.0497,12.373,0.0591,12.099,0.0497,1.178903,94.957739
176,269.387733,-30.7194827,17h57m33.06s,-30d43m10.14s,0.0404,0.0406,-0.016,10.462,0.02,55.4,91.12,9.153,0.021,51.8,10.29,1,0,,,0,58929.35132862,2695030301351017880,8.801,0.024,6.037,0.041,2.73,0.011,1.146,0.013,1300956511,13.282,0.0497,12.373,0.0591,12.099,0.0497,1.517548,99.93114
177,269.3874736,-30.7195031,17h57m32.99s,-30d43m10.21s,0.0431,0.0417,-0.0177,10.777,0.04,27.4,28.24,9.062,0.015,70.6,23.91,1,0,,,10,58929.48210476,2695030301351017880,8.801,0.024,6.037,0.041,2.73,0.011,1.146,0.013,1300956511,13.282,0.0497,12.373,0.0591,12.099,0.0497,0.7689,115.84237
178,269.3874717,-30.7194636,17h57m32.99s,-30d43m10.07s,0.0371,0.04,-0.012,10.48,0.024,46.1,67.87,9.032,0.019,58.4,7.411,1,0,,,5,59092.40840831,2695030301351017880,8.801,0.024,6.037,0.041,2.73,0.011,1.146,0.013,1300956511,13.282,0.0497,12.373,0.0591,12.099,0.0497,0.712747,105.707671
179,269.3874175,-30.7194026,17h57m32.98s,-30d43m09.85s,0.041,0.0374,0.0113,10.731,0.032,33.9,30.42,9.153,0.016,66.4,9.609,1,0,,,5,59092.53918412,2695030301351017880,8.801,0.024,6.037,0.041,2.73,0.011,1.146,0.013,1300956511,13.282,0.0497,12.373,0.0591,12.099,0.0497,0.519072,87.058188
180,269.3875872,-30.7194034,17h57m33.02s,-30d43m09.85s,0.0334,0.0314,-0.0156,10.357,0.019,58.2,80.24,9.053,0.017,63.4,24.1,1,0,,,5,59092.66995984,2695030301351017880,8.801,0.024,6.037,0.041,2.73,0.011,1.146,0.013,1300956511,13.282,0.0497,12.373,0.0591,12.099,0.0497,1.043852,88.695816
181,269.3877176,-30.7194926,17h57m33.05s,-30d43m10.17s,0.0349,0.0342,-0.0159,10.425,0.019,56.9,90.85,9.186,0.016,69.2,27.91,1,0,,,5,59092.73528404,2695030301351017880,8.801,0.024,6.037,0.041,2.73,0.011,1.146,0.013,1300956511,13.282,0.0497,12.373,0.0591,12.099,0.0497,1.477384,101.611629
182,269.3874283,-30.7194413,17h57m32.98s,-30d43m09.99s,0.0599,0.0497,-0.015,10.679,0.054,20.2,6.644,9.126,0.018,59.1,3.121,1,0,,,5,59092.8007356,2695030301351017880,8.801,0.024,6.037,0.041,2.73,0.011,1.146,0.013,1300956511,13.282,0.0497,12.373,0.0591,12.099,0.0497,0.563196,101.541199
183,269.3874387,-30.7194603,17h57m32.99s,-30d43m10.06s,0.0455,0.0506,-0.0196,10.52,0.036,30.1,21.03,9.101,0.018,60.6,8.565,1,0,,,10,59092.86605985,2695030301351017880,8.801,0.024,6.037,0.041,2.73,0.011,1.146,0.013,1300956511,13.282,0.0497,12.373,0.0591,12.099,0.0497,0.611427,107.227143
184,269.3874005,-30.7194769,17h57m32.98s,-30d43m10.12s,0.0466,0.0428,-0.015,10.633,0.035,30.9,19.2,9.117,0.016,69.3,7.063,1,0,,,5,59092.93151147,2695030301351017880,8.801,0.024,6.037,0.041,2.73,0.011,1.146,0.013,1300956511,13.282,0.0497,12.373,0.0591,12.099,0.0497,0.524359,117.342381
185,269.387691,-30.7194696,17h57m33.05s,-30d43m10.09s,0.0336,0.0341,0.0074,10.514,0.025,44.3,29.6,9.154,0.014,78.6,33.56,1,0,,,10,59092.99683572,2695030301351017880,8.801,0.024,6.037,0.041,2.73,0.011,1.146,0.013,1300956511,13.282,0.0497,12.373,0.0591,12.099,0.0497,1.381589,98.934279
186,269.3873732,-30.719471,17h57m32.97s,-30d43m10.10s,0.0359,0.0399,-0.0094,10.631,0.027,40.7,64.29,9.085,0.017,62.5,13.27,1,0,,,10,59092.99696303,2695030301351017880,8.801,0.024,6.037,0.041,2.73,0.011,1.146,0.013,1300956511,13.282,0.0497,12.373,0.0591,12.099,0.0497,0.440006,119.93971
187,269.3874713,-30.7194971,17h57m32.99s,-30d43m10.19s,0.0486,0.0473,-0.015,10.8,0.04,26.8,17.39,9.086,0.018,59.1,4.593,1,0,,,5,59093.12773885,2695030301351017880,8.801,0.024,6.037,0.041,2.73,0.011,1.146,0.013,1300956511,13.282,0.0497,12.373,0.0591,12.099,0.0497,0.753254,114.599596
188,269.38743470000003,-30.7194653,17h57m32.98s,-30d43m10.08s,0.0462,0.0489,-0.0175,10.777,0.039,27.6,18.64,9.18,0.017,62.3,10.86,1,0,,,10,59093.25851457,2695030301351017880,8.801,0.024,6.037,0.041,2.73,0.011,1.146,0.013,1300956511,13.282,0.0497,12.373,0.0591,12.099,0.0497,0.605293,109.201981
189,269.3874219,-30.7194742,17h57m32.98s,-30d43m10.11s,0.0595,0.0548,-0.0284,10.692,0.045,24.0,14.92,9.124,0.023,47.5,8.717,1,0,,,5,59093.38929038,2695030301351017880,8.801,0.024,6.037,0.041,2.73,0.011,1.146,0.013,1300956511,13.282,0.0497,12.373,0.0591,12.099,0.0497,0.580037,113.481763
